scenario_manual,n,n_diverging,n_high_agreement,mean_gap,mean_gap_diverging,mean_gap_high_agreement,overconfident_diverging_count,diverging_id_auc_manual,overconfident_rate_among_diverging
safety_refusal,21,9,12,11.552013578869047,9.414171006944445,13.1553955078125,2,0.6296296296296297,0.2222222222222222
technical_medical,20,8,12,17.3491943359375,18.0390625,16.8892822265625,4,0.4479166666666667,0.5
factuality_instruction,17,13,4,8.528124640969668,9.168388953575722,6.447265625,1,0.3269230769230769,0.07692307692307693
format_style,16,9,7,8.25836181640625,4.603515625,12.957449776785714,0,0.8095238095238095,0.0
task_ambiguity,13,6,7,8.311072716346153,5.150716145833333,11.019949776785714,0,0.8333333333333334,0.0
verbosity_concision,11,5,6,22.471058238636363,17.202734375,26.861328125,4,0.7,0.8
other,2,0,2,8.83203125,,8.83203125,0,,
